<org.simbrain.world.odorworld.OdorWorld>
  <entityList>
    <org.simbrain.world.odorworld.entities.BasicEntity>
      <animation>
        <imageNames>
          <string>static/Swiss.gif</string>
        </imageNames>
        <animTime>0</animTime>
        <totalDuration>2</totalDuration>
        <frameDuration>0</frameDuration>
      </animation>
      <name>Entity_2</name>
      <id>Entity_2</id>
      <x>27.0</x>
      <y>91.0</y>
      <dx>0.0</dx>
      <dy>0.0</dy>
      <parentWorld reference="../../.."/>
      <sensors/>
      <effectors/>
      <behavior class="org.simbrain.world.odorworld.behaviors.StationaryBehavior"/>
      <smellSource>
        <stimulusVector>
          <double>2.03</double>
          <double>0.94</double>
          <double>0.2</double>
          <double>0.94</double>
          <double>0.0</double>
          <double>0.0</double>
          <double>0.0</double>
          <double>0.0</double>
        </stimulusVector>
        <returnVector reference="../stimulusVector"/>
        <location>
          <double>36.0</double>
          <double>107.0</double>
        </location>
        <decayFunction>STEP</decayFunction>
        <stimulusDispersion>70.0</stimulusDispersion>
        <peak>0.0</peak>
        <addNoise>false</addNoise>
        <initNoise>0.3</initNoise>
        <noiseLevel>0.3</noiseLevel>
      </smellSource>
      <collision>false</collision>
      <sensorsEnabled>true</sensorsEnabled>
      <effectorsEnabled>true</effectorsEnabled>
      <showSensors>true</showSensors>
      <sensorIDGenerator>
        <rootName>Sensor</rootName>
        <index>1</index>
      </sensorIDGenerator>
      <effectorIDGenerator>
        <rootName>Effector</rootName>
        <index>1</index>
      </effectorIDGenerator>
    </org.simbrain.world.odorworld.entities.BasicEntity>
    <org.simbrain.world.odorworld.entities.BasicEntity>
      <animation>
        <imageNames>
          <string>static/Gouda.gif</string>
        </imageNames>
        <animTime>0</animTime>
        <totalDuration>2</totalDuration>
        <frameDuration>0</frameDuration>
      </animation>
      <name>Entity_3</name>
      <id>Entity_3</id>
      <x>187.0</x>
      <y>30.0</y>
      <dx>0.0</dx>
      <dy>0.0</dy>
      <parentWorld reference="../../.."/>
      <sensors/>
      <effectors/>
      <behavior class="org.simbrain.world.odorworld.behaviors.StationaryBehavior"/>
      <smellSource>
        <stimulusVector>
          <double>2.5</double>
          <double>0.91</double>
          <double>1.1</double>
          <double>0.5</double>
          <double>0.0</double>
          <double>0.0</double>
          <double>0.0</double>
          <double>0.0</double>
        </stimulusVector>
        <returnVector reference="../stimulusVector"/>
        <location>
          <double>169.0</double>
          <double>32.0</double>
        </location>
        <decayFunction>STEP</decayFunction>
        <stimulusDispersion>70.0</stimulusDispersion>
        <peak>0.0</peak>
        <addNoise>false</addNoise>
        <initNoise>0.3</initNoise>
        <noiseLevel>0.3</noiseLevel>
      </smellSource>
      <collision>false</collision>
      <sensorsEnabled>true</sensorsEnabled>
      <effectorsEnabled>true</effectorsEnabled>
      <showSensors>true</showSensors>
      <sensorIDGenerator>
        <rootName>Sensor</rootName>
        <index>1</index>
      </sensorIDGenerator>
      <effectorIDGenerator>
        <rootName>Effector</rootName>
        <index>1</index>
      </effectorIDGenerator>
    </org.simbrain.world.odorworld.entities.BasicEntity>
    <org.simbrain.world.odorworld.entities.BasicEntity>
      <animation>
        <imageNames>
          <string>static/Bluecheese.gif</string>
        </imageNames>
        <animTime>0</animTime>
        <totalDuration>2</totalDuration>
        <frameDuration>0</frameDuration>
      </animation>
      <name>Entity_4</name>
      <id>Entity_4</id>
      <x>330.0</x>
      <y>65.0</y>
      <dx>0.0</dx>
      <dy>0.0</dy>
      <parentWorld reference="../../.."/>
      <sensors/>
      <effectors/>
      <behavior class="org.simbrain.world.odorworld.behaviors.StationaryBehavior"/>
      <smellSource>
        <stimulusVector>
          <double>2.1</double>
          <double>0.7</double>
          <double>0.1</double>
          <double>0.12</double>
          <double>30.0</double>
          <double>0.0</double>
          <double>0.0</double>
          <double>0.0</double>
        </stimulusVector>
        <returnVector reference="../stimulusVector"/>
        <location>
          <double>304.0</double>
          <double>87.0</double>
        </location>
        <decayFunction>STEP</decayFunction>
        <stimulusDispersion>70.0</stimulusDispersion>
        <peak>0.0</peak>
        <addNoise>false</addNoise>
        <initNoise>0.3</initNoise>
        <noiseLevel>0.3</noiseLevel>
      </smellSource>
      <collision>false</collision>
      <sensorsEnabled>true</sensorsEnabled>
      <effectorsEnabled>true</effectorsEnabled>
      <showSensors>true</showSensors>
      <sensorIDGenerator>
        <rootName>Sensor</rootName>
        <index>1</index>
      </sensorIDGenerator>
      <effectorIDGenerator>
        <rootName>Effector</rootName>
        <index>1</index>
      </effectorIDGenerator>
    </org.simbrain.world.odorworld.entities.BasicEntity>
    <org.simbrain.world.odorworld.entities.BasicEntity>
      <animation>
        <imageNames>
          <string>static/Tulip.gif</string>
        </imageNames>
        <animTime>0</animTime>
        <totalDuration>2</totalDuration>
        <frameDuration>0</frameDuration>
      </animation>
      <name>Entity_5</name>
      <id>Entity_5</id>
      <x>60.0</x>
      <y>299.0</y>
      <dx>0.0</dx>
      <dy>0.0</dy>
      <parentWorld reference="../../.."/>
      <sensors/>
      <effectors/>
      <behavior class="org.simbrain.world.odorworld.behaviors.StationaryBehavior"/>
      <smellSource>
        <stimulusVector>
          <double>1.0</double>
          <double>1.2</double>
          <double>1.95</double>
          <double>1.2</double>
          <double>0.0</double>
          <double>0.0</double>
          <double>0.0</double>
          <double>0.0</double>
        </stimulusVector>
        <returnVector reference="../stimulusVector"/>
        <location>
          <double>80.0</double>
          <double>351.0</double>
        </location>
        <decayFunction>STEP</decayFunction>
        <stimulusDispersion>70.0</stimulusDispersion>
        <peak>0.0</peak>
        <addNoise>false</addNoise>
        <initNoise>0.3</initNoise>
        <noiseLevel>0.3</noiseLevel>
      </smellSource>
      <collision>false</collision>
      <sensorsEnabled>true</sensorsEnabled>
      <effectorsEnabled>true</effectorsEnabled>
      <showSensors>true</showSensors>
      <sensorIDGenerator>
        <rootName>Sensor</rootName>
        <index>1</index>
      </sensorIDGenerator>
      <effectorIDGenerator>
        <rootName>Effector</rootName>
        <index>1</index>
      </effectorIDGenerator>
    </org.simbrain.world.odorworld.entities.BasicEntity>
    <org.simbrain.world.odorworld.entities.BasicEntity>
      <animation>
        <imageNames>
          <string>static/Pansy.gif</string>
        </imageNames>
        <animTime>0</animTime>
        <totalDuration>2</totalDuration>
        <frameDuration>0</frameDuration>
      </animation>
      <name>Entity_6</name>
      <id>Entity_6</id>
      <x>212.0</x>
      <y>379.0</y>
      <dx>0.0</dx>
      <dy>0.0</dy>
      <parentWorld reference="../../.."/>
      <sensors/>
      <effectors/>
      <behavior class="org.simbrain.world.odorworld.behaviors.StationaryBehavior"/>
      <smellSource>
        <stimulusVector>
          <double>1.0</double>
          <double>0.2</double>
          <double>2.1</double>
          <double>0.4</double>
          <double>0.0</double>
          <double>0.0</double>
          <double>0.0</double>
          <double>0.0</double>
        </stimulusVector>
        <returnVector reference="../stimulusVector"/>
        <location>
          <double>251.0</double>
          <double>370.0</double>
        </location>
        <decayFunction>STEP</decayFunction>
        <stimulusDispersion>70.0</stimulusDispersion>
        <peak>0.0</peak>
        <addNoise>false</addNoise>
        <initNoise>0.3</initNoise>
        <noiseLevel>0.3</noiseLevel>
      </smellSource>
      <collision>false</collision>
      <sensorsEnabled>true</sensorsEnabled>
      <effectorsEnabled>true</effectorsEnabled>
      <showSensors>true</showSensors>
      <sensorIDGenerator>
        <rootName>Sensor</rootName>
        <index>1</index>
      </sensorIDGenerator>
      <effectorIDGenerator>
        <rootName>Effector</rootName>
        <index>1</index>
      </effectorIDGenerator>
    </org.simbrain.world.odorworld.entities.BasicEntity>
    <org.simbrain.world.odorworld.entities.BasicEntity>
      <animation>
        <imageNames>
          <string>static/Flax.gif</string>
        </imageNames>
        <animTime>0</animTime>
        <totalDuration>2</totalDuration>
        <frameDuration>0</frameDuration>
      </animation>
      <name>Entity_7</name>
      <id>Entity_7</id>
      <x>342.0</x>
      <y>273.0</y>
      <dx>0.0</dx>
      <dy>0.0</dy>
      <parentWorld reference="../../.."/>
      <sensors/>
      <effectors/>
      <behavior class="org.simbrain.world.odorworld.behaviors.StationaryBehavior"/>
      <smellSource>
        <stimulusVector>
          <double>0.1</double>
          <double>1.0</double>
          <double>2.16</double>
          <double>1.4</double>
          <double>0.0</double>
          <double>0.0</double>
        </stimulusVector>
        <returnVector reference="../stimulusVector"/>
        <location>
          <double>401.0</double>
          <double>403.0</double>
        </location>
        <decayFunction>STEP</decayFunction>
        <stimulusDispersion>70.0</stimulusDispersion>
        <peak>0.0</peak>
        <addNoise>false</addNoise>
        <initNoise>0.3</initNoise>
        <noiseLevel>0.3</noiseLevel>
      </smellSource>
      <collision>false</collision>
      <sensorsEnabled>true</sensorsEnabled>
      <effectorsEnabled>true</effectorsEnabled>
      <showSensors>true</showSensors>
      <sensorIDGenerator>
        <rootName>Sensor</rootName>
        <index>1</index>
      </sensorIDGenerator>
      <effectorIDGenerator>
        <rootName>Effector</rootName>
        <index>1</index>
      </effectorIDGenerator>
    </org.simbrain.world.odorworld.entities.BasicEntity>
    <org.simbrain.world.odorworld.entities.RotatingEntity>
      <animation>
        <imageNames>
          <string>rotating/mouse/Mouse_0.gif</string>
        </imageNames>
        <animTime>0</animTime>
        <totalDuration>1</totalDuration>
        <frameDuration>1</frameDuration>
      </animation>
      <name>Agent_2</name>
      <id>Entity_8</id>
      <x>198.0</x>
      <y>201.0</y>
      <dx>0.0</dx>
      <dy>0.0</dy>
      <parentWorld reference="../../.."/>
      <sensors>
        <org.simbrain.world.odorworld.sensors.SmellSensor>
          <parent class="org.simbrain.world.odorworld.entities.RotatingEntity" reference="../../.."/>
          <id>Sensor_1</id>
          <label>Smell-Left</label>
          <theta>0.39269908169872414</theta>
          <radius>50.0</radius>
          <currentValue>
            <double>0.0</double>
            <double>0.0</double>
            <double>0.0</double>
            <double>0.0</double>
            <double>0.0</double>
          </currentValue>
        </org.simbrain.world.odorworld.sensors.SmellSensor>
        <org.simbrain.world.odorworld.sensors.SmellSensor>
          <parent class="org.simbrain.world.odorworld.entities.RotatingEntity" reference="../../.."/>
          <id>Sensor_2</id>
          <label>Smell-Center</label>
          <theta>0.0</theta>
          <radius>0.0</radius>
          <currentValue>
            <double>0.0</double>
            <double>0.0</double>
            <double>0.0</double>
            <double>0.0</double>
            <double>0.0</double>
          </currentValue>
        </org.simbrain.world.odorworld.sensors.SmellSensor>
        <org.simbrain.world.odorworld.sensors.SmellSensor>
          <parent class="org.simbrain.world.odorworld.entities.RotatingEntity" reference="../../.."/>
          <id>Sensor_3</id>
          <label>Smell-Right</label>
          <theta>-0.39269908169872414</theta>
          <radius>50.0</radius>
          <currentValue>
            <double>0.0</double>
            <double>0.0</double>
            <double>0.0</double>
            <double>0.0</double>
            <double>0.0</double>
          </currentValue>
        </org.simbrain.world.odorworld.sensors.SmellSensor>
      </sensors>
      <effectors>
        <org.simbrain.world.odorworld.effectors.StraightMovement>
          <parent class="org.simbrain.world.odorworld.entities.RotatingEntity" reference="../../.."/>
          <id>Effector_1</id>
          <label>Go-straight</label>
          <amount>0.0</amount>
          <scalingFactor>1.0</scalingFactor>
        </org.simbrain.world.odorworld.effectors.StraightMovement>
        <org.simbrain.world.odorworld.effectors.Turning>
          <parent class="org.simbrain.world.odorworld.entities.RotatingEntity" reference="../../.."/>
          <id>Effector_2</id>
          <label>Go-left</label>
          <direction>1.0</direction>
          <amount>0.0</amount>
        </org.simbrain.world.odorworld.effectors.Turning>
        <org.simbrain.world.odorworld.effectors.Turning>
          <parent class="org.simbrain.world.odorworld.entities.RotatingEntity" reference="../../.."/>
          <id>Effector_3</id>
          <label>Go-right</label>
          <direction>-1.0</direction>
          <amount>0.0</amount>
        </org.simbrain.world.odorworld.effectors.Turning>
      </effectors>
      <behavior class="org.simbrain.world.odorworld.behaviors.StationaryBehavior"/>
      <collision>false</collision>
      <sensorsEnabled>true</sensorsEnabled>
      <effectorsEnabled>true</effectorsEnabled>
      <showSensors>true</showSensors>
      <sensorIDGenerator>
        <rootName>Sensor</rootName>
        <index>4</index>
      </sensorIDGenerator>
      <effectorIDGenerator>
        <rootName>Effector</rootName>
        <index>4</index>
      </effectorIDGenerator>
      <currentlyHeardPhrases/>
      <heading>0.0</heading>
      <manualMotionTurnIncrement>4.0</manualMotionTurnIncrement>
      <manualStraightMovementIncrement>4.0</manualStraightMovementIncrement>
      <entityType>Mouse</entityType>
    </org.simbrain.world.odorworld.entities.RotatingEntity>
  </entityList>
  <totalSmellVectorLength>43.342268205248125</totalSmellVectorLength>
  <wrapAround>true</wrapAround>
  <objectsBlockMovement>true</objectsBlockMovement>
  <height>456</height>
  <width>437</width>
  <entityIDGenerator>
    <rootName>Entity</rootName>
    <index>9</index>
  </entityIDGenerator>
  <agentNameGenerator>
    <rootName>Agent</rootName>
    <index>3</index>
  </agentNameGenerator>
</org.simbrain.world.odorworld.OdorWorld>