<org.simbrain.world.odorworld.OdorWorld>
  <entityList>
    <org.simbrain.world.odorworld.entities.RotatingEntity>
      <animation>
        <imageNames>
          <string>rotating/jake/e0000.png</string>
          <string>rotating/jake/e0001.png</string>
          <string>rotating/jake/e0002.png</string>
          <string>rotating/jake/e0003.png</string>
          <string>rotating/jake/e0004.png</string>
          <string>rotating/jake/e0005.png</string>
          <string>rotating/jake/e0006.png</string>
          <string>rotating/jake/e0007.png</string>
        </imageNames>
        <animTime>1</animTime>
        <totalDuration>160</totalDuration>
        <frameDuration>20</frameDuration>
      </animation>
      <name>Agent_4</name>
      <id>Entity_10</id>
      <x>22.0</x>
      <y>27.0</y>
      <dx>0.0</dx>
      <dy>0.0</dy>
      <parentWorld reference="../../.."/>
      <sensors>
        <org.simbrain.world.odorworld.sensors.SmellSensor>
          <parent class="org.simbrain.world.odorworld.entities.RotatingEntity" reference="../../.."/>
          <id>Sensor_1</id>
          <label>Smell-Left</label>
          <theta>0.39269908169872414</theta>
          <radius>50.0</radius>
          <currentValue>
            <double>0.0</double>
            <double>0.0</double>
            <double>0.0</double>
            <double>0.0</double>
            <double>0.0</double>
          </currentValue>
        </org.simbrain.world.odorworld.sensors.SmellSensor>
        <org.simbrain.world.odorworld.sensors.SmellSensor>
          <parent class="org.simbrain.world.odorworld.entities.RotatingEntity" reference="../../.."/>
          <id>Sensor_2</id>
          <label>Smell-Center</label>
          <theta>0.0</theta>
          <radius>0.0</radius>
          <currentValue>
            <double>0.0</double>
            <double>0.0</double>
            <double>0.0</double>
            <double>0.0</double>
            <double>0.0</double>
          </currentValue>
        </org.simbrain.world.odorworld.sensors.SmellSensor>
        <org.simbrain.world.odorworld.sensors.SmellSensor>
          <parent class="org.simbrain.world.odorworld.entities.RotatingEntity" reference="../../.."/>
          <id>Sensor_3</id>
          <label>Smell-Right</label>
          <theta>-0.39269908169872414</theta>
          <radius>50.0</radius>
          <currentValue>
            <double>0.0</double>
            <double>0.0</double>
            <double>0.0</double>
            <double>0.0</double>
            <double>0.0</double>
          </currentValue>
        </org.simbrain.world.odorworld.sensors.SmellSensor>
      </sensors>
      <effectors>
        <org.simbrain.world.odorworld.effectors.StraightMovement>
          <parent class="org.simbrain.world.odorworld.entities.RotatingEntity" reference="../../.."/>
          <id>Effector_1</id>
          <label>Go-straight</label>
          <amount>0.0</amount>
          <scalingFactor>1.0</scalingFactor>
        </org.simbrain.world.odorworld.effectors.StraightMovement>
        <org.simbrain.world.odorworld.effectors.Turning>
          <parent class="org.simbrain.world.odorworld.entities.RotatingEntity" reference="../../.."/>
          <id>Effector_2</id>
          <label>Go-left</label>
          <direction>1.0</direction>
          <amount>0.0</amount>
        </org.simbrain.world.odorworld.effectors.Turning>
        <org.simbrain.world.odorworld.effectors.Turning>
          <parent class="org.simbrain.world.odorworld.entities.RotatingEntity" reference="../../.."/>
          <id>Effector_3</id>
          <label>Go-right</label>
          <direction>-1.0</direction>
          <amount>0.0</amount>
        </org.simbrain.world.odorworld.effectors.Turning>
      </effectors>
      <behavior class="org.simbrain.world.odorworld.behaviors.StationaryBehavior"/>
      <collision>false</collision>
      <sensorsEnabled>true</sensorsEnabled>
      <effectorsEnabled>true</effectorsEnabled>
      <showSensors>true</showSensors>
      <sensorIDGenerator>
        <rootName>Sensor</rootName>
        <index>4</index>
      </sensorIDGenerator>
      <effectorIDGenerator>
        <rootName>Effector</rootName>
        <index>4</index>
      </effectorIDGenerator>
      <currentlyHeardPhrases/>
      <heading>0.0</heading>
      <manualMotionTurnIncrement>4.0</manualMotionTurnIncrement>
      <manualStraightMovementIncrement>4.0</manualStraightMovementIncrement>
      <entityType>Jake</entityType>
    </org.simbrain.world.odorworld.entities.RotatingEntity>
    <org.simbrain.world.odorworld.entities.RotatingEntity>
      <animation>
        <imageNames>
          <string>rotating/susi/e0000.png</string>
          <string>rotating/susi/e0001.png</string>
          <string>rotating/susi/e0002.png</string>
          <string>rotating/susi/e0003.png</string>
          <string>rotating/susi/e0004.png</string>
          <string>rotating/susi/e0005.png</string>
          <string>rotating/susi/e0006.png</string>
          <string>rotating/susi/e0007.png</string>
        </imageNames>
        <animTime>1</animTime>
        <totalDuration>160</totalDuration>
        <frameDuration>20</frameDuration>
      </animation>
      <name>Agent_5</name>
      <id>Entity_11</id>
      <x>130.0</x>
      <y>172.0</y>
      <dx>0.0</dx>
      <dy>0.0</dy>
      <parentWorld reference="../../.."/>
      <sensors>
        <org.simbrain.world.odorworld.sensors.SmellSensor>
          <parent class="org.simbrain.world.odorworld.entities.RotatingEntity" reference="../../.."/>
          <id>Sensor_1</id>
          <label>Smell-Left</label>
          <theta>0.39269908169872414</theta>
          <radius>50.0</radius>
          <currentValue>
            <double>0.0</double>
            <double>0.0</double>
            <double>0.0</double>
            <double>0.0</double>
            <double>0.0</double>
          </currentValue>
        </org.simbrain.world.odorworld.sensors.SmellSensor>
        <org.simbrain.world.odorworld.sensors.SmellSensor>
          <parent class="org.simbrain.world.odorworld.entities.RotatingEntity" reference="../../.."/>
          <id>Sensor_2</id>
          <label>Smell-Center</label>
          <theta>0.0</theta>
          <radius>0.0</radius>
          <currentValue>
            <double>0.0</double>
            <double>0.0</double>
            <double>0.0</double>
            <double>0.0</double>
            <double>0.0</double>
          </currentValue>
        </org.simbrain.world.odorworld.sensors.SmellSensor>
        <org.simbrain.world.odorworld.sensors.SmellSensor>
          <parent class="org.simbrain.world.odorworld.entities.RotatingEntity" reference="../../.."/>
          <id>Sensor_3</id>
          <label>Smell-Right</label>
          <theta>-0.39269908169872414</theta>
          <radius>50.0</radius>
          <currentValue>
            <double>0.0</double>
            <double>0.0</double>
            <double>0.0</double>
            <double>0.0</double>
            <double>0.0</double>
          </currentValue>
        </org.simbrain.world.odorworld.sensors.SmellSensor>
      </sensors>
      <effectors>
        <org.simbrain.world.odorworld.effectors.StraightMovement>
          <parent class="org.simbrain.world.odorworld.entities.RotatingEntity" reference="../../.."/>
          <id>Effector_1</id>
          <label>Go-straight</label>
          <amount>0.0</amount>
          <scalingFactor>1.0</scalingFactor>
        </org.simbrain.world.odorworld.effectors.StraightMovement>
        <org.simbrain.world.odorworld.effectors.Turning>
          <parent class="org.simbrain.world.odorworld.entities.RotatingEntity" reference="../../.."/>
          <id>Effector_2</id>
          <label>Go-left</label>
          <direction>1.0</direction>
          <amount>0.0</amount>
        </org.simbrain.world.odorworld.effectors.Turning>
        <org.simbrain.world.odorworld.effectors.Turning>
          <parent class="org.simbrain.world.odorworld.entities.RotatingEntity" reference="../../.."/>
          <id>Effector_3</id>
          <label>Go-right</label>
          <direction>-1.0</direction>
          <amount>0.0</amount>
        </org.simbrain.world.odorworld.effectors.Turning>
      </effectors>
      <behavior class="org.simbrain.world.odorworld.behaviors.StationaryBehavior"/>
      <collision>false</collision>
      <sensorsEnabled>true</sensorsEnabled>
      <effectorsEnabled>true</effectorsEnabled>
      <showSensors>true</showSensors>
      <sensorIDGenerator>
        <rootName>Sensor</rootName>
        <index>4</index>
      </sensorIDGenerator>
      <effectorIDGenerator>
        <rootName>Effector</rootName>
        <index>4</index>
      </effectorIDGenerator>
      <currentlyHeardPhrases/>
      <heading>0.0</heading>
      <manualMotionTurnIncrement>4.0</manualMotionTurnIncrement>
      <manualStraightMovementIncrement>4.0</manualStraightMovementIncrement>
      <entityType>Susi</entityType>
    </org.simbrain.world.odorworld.entities.RotatingEntity>
    <org.simbrain.world.odorworld.entities.RotatingEntity>
      <animation>
        <imageNames>
          <string>rotating/amy/e0000.png</string>
          <string>rotating/amy/e0001.png</string>
          <string>rotating/amy/e0002.png</string>
          <string>rotating/amy/e0003.png</string>
          <string>rotating/amy/e0004.png</string>
          <string>rotating/amy/e0005.png</string>
          <string>rotating/amy/e0006.png</string>
          <string>rotating/amy/e0007.png</string>
        </imageNames>
        <animTime>1</animTime>
        <totalDuration>160</totalDuration>
        <frameDuration>20</frameDuration>
      </animation>
      <name>Agent_6</name>
      <id>Entity_12</id>
      <x>254.0</x>
      <y>302.0</y>
      <dx>0.0</dx>
      <dy>0.0</dy>
      <parentWorld reference="../../.."/>
      <sensors>
        <org.simbrain.world.odorworld.sensors.SmellSensor>
          <parent class="org.simbrain.world.odorworld.entities.RotatingEntity" reference="../../.."/>
          <id>Sensor_1</id>
          <label>Smell-Left</label>
          <theta>0.39269908169872414</theta>
          <radius>50.0</radius>
          <currentValue>
            <double>0.0</double>
            <double>0.0</double>
            <double>0.0</double>
            <double>0.0</double>
            <double>0.0</double>
          </currentValue>
        </org.simbrain.world.odorworld.sensors.SmellSensor>
        <org.simbrain.world.odorworld.sensors.SmellSensor>
          <parent class="org.simbrain.world.odorworld.entities.RotatingEntity" reference="../../.."/>
          <id>Sensor_2</id>
          <label>Smell-Center</label>
          <theta>0.0</theta>
          <radius>0.0</radius>
          <currentValue>
            <double>0.0</double>
            <double>0.0</double>
            <double>0.0</double>
            <double>0.0</double>
            <double>0.0</double>
          </currentValue>
        </org.simbrain.world.odorworld.sensors.SmellSensor>
        <org.simbrain.world.odorworld.sensors.SmellSensor>
          <parent class="org.simbrain.world.odorworld.entities.RotatingEntity" reference="../../.."/>
          <id>Sensor_3</id>
          <label>Smell-Right</label>
          <theta>-0.39269908169872414</theta>
          <radius>50.0</radius>
          <currentValue>
            <double>0.0</double>
            <double>0.0</double>
            <double>0.0</double>
            <double>0.0</double>
            <double>0.0</double>
          </currentValue>
        </org.simbrain.world.odorworld.sensors.SmellSensor>
      </sensors>
      <effectors>
        <org.simbrain.world.odorworld.effectors.StraightMovement>
          <parent class="org.simbrain.world.odorworld.entities.RotatingEntity" reference="../../.."/>
          <id>Effector_1</id>
          <label>Go-straight</label>
          <amount>0.0</amount>
          <scalingFactor>1.0</scalingFactor>
        </org.simbrain.world.odorworld.effectors.StraightMovement>
        <org.simbrain.world.odorworld.effectors.Turning>
          <parent class="org.simbrain.world.odorworld.entities.RotatingEntity" reference="../../.."/>
          <id>Effector_2</id>
          <label>Go-left</label>
          <direction>1.0</direction>
          <amount>0.0</amount>
        </org.simbrain.world.odorworld.effectors.Turning>
        <org.simbrain.world.odorworld.effectors.Turning>
          <parent class="org.simbrain.world.odorworld.entities.RotatingEntity" reference="../../.."/>
          <id>Effector_3</id>
          <label>Go-right</label>
          <direction>-1.0</direction>
          <amount>0.0</amount>
        </org.simbrain.world.odorworld.effectors.Turning>
      </effectors>
      <behavior class="org.simbrain.world.odorworld.behaviors.StationaryBehavior"/>
      <collision>false</collision>
      <sensorsEnabled>true</sensorsEnabled>
      <effectorsEnabled>true</effectorsEnabled>
      <showSensors>true</showSensors>
      <sensorIDGenerator>
        <rootName>Sensor</rootName>
        <index>4</index>
      </sensorIDGenerator>
      <effectorIDGenerator>
        <rootName>Effector</rootName>
        <index>4</index>
      </effectorIDGenerator>
      <currentlyHeardPhrases/>
      <heading>0.0</heading>
      <manualMotionTurnIncrement>4.0</manualMotionTurnIncrement>
      <manualStraightMovementIncrement>4.0</manualStraightMovementIncrement>
      <entityType>Amy</entityType>
    </org.simbrain.world.odorworld.entities.RotatingEntity>
  </entityList>
  <totalSmellVectorLength>0.0</totalSmellVectorLength>
  <wrapAround>true</wrapAround>
  <objectsBlockMovement>true</objectsBlockMovement>
  <height>418</height>
  <width>395</width>
  <entityIDGenerator>
    <rootName>Entity</rootName>
    <index>13</index>
  </entityIDGenerator>
  <agentNameGenerator>
    <rootName>Agent</rootName>
    <index>7</index>
  </agentNameGenerator>
</org.simbrain.world.odorworld.OdorWorld>